timestamp,open,high,low,close,volume,datetime
1735689600000,93579.1,95203.7,92899.1,94600.0,48200.792,2025-01-01
1735776000000,94600.0,97850.0,94405.2,97010.0,88742.838,2025-01-02
1735862400000,97010.0,98986.0,96121.0,98195.2,60169.01,2025-01-03
1735948800000,98195.3,98799.9,97522.0,98220.8,32763.311,2025-01-04
1736035200000,98222.0,98850.0,97262.2,98369.5,36349.579,2025-01-05
1736121600000,98369.6,102490.8,97930.0,102223.3,104238.491,2025-01-06
1736208000000,102223.2,102817.8,96167.1,96944.0,130608.859,2025-01-07
1736294400000,96944.0,97260.0,92500.0,95050.1,115685.697,2025-01-08
1736380800000,95050.0,95396.7,91201.0,92554.9,110823.876,2025-01-09
1736467200000,92554.8,95854.9,92222.0,94728.6,114773.521,2025-01-10
1736553600000,94728.5,95045.0,93840.8,94615.1,28983.576,2025-01-11
1736640000000,94615.1,95482.3,93701.0,94550.0,35346.819,2025-01-12
1736726400000,94550.0,95970.0,89037.0,94539.9,170421.375,2025-01-13
1736812800000,94539.9,97376.0,94350.8,96562.0,101496.761,2025-01-14
1736899200000,96561.9,100710.2,96488.3,100510.8,97106.286,2025-01-15
1736985600000,100510.9,100888.0,97285.5,99999.6,96208.132,2025-01-16
1737072000000,99999.7,105840.6,99963.6,104100.1,111773.92,2025-01-17
1737158400000,104100.1,104995.9,102285.7,104560.6,77323.516,2025-01-18
1737244800000,104560.6,106488.0,99666.0,101326.8,118601.483,2025-01-19
1737331200000,101331.8,109998.9,99500.1,102269.9,251218.216,2025-01-20
1737417600000,102269.9,107333.3,100113.0,106161.9,124835.917,2025-01-21
1737504000000,106161.8,106438.8,103261.7,103718.0,73094.0465,2025-01-22
1737590400000,103717.9,106869.9,101222.0,103925.7,193795.274,2025-01-23
1737676800000,103925.7,107164.1,102755.7,104868.6,79342.5276,2025-01-24
1737763200000,104868.7,105322.9,104101.9,104759.2,34550.0609,2025-01-25
1737849600000,104759.1,105546.6,102500.1,102611.6,32882.8086,2025-01-26
1737936000000,102611.6,103288.5,97737.7,102075.7,154201.5656,2025-01-27
1738022400000,102075.7,103888.5,100270.9,101343.0,81191.2335,2025-01-28
1738108800000,101343.0,104826.1,101330.2,103747.5,74507.2558,2025-01-29
1738195200000,103747.5,106460.0,103282.0,104742.3,62510.1362,2025-01-30
1738281600000,104742.4,106047.0,101500.0,102433.5,79469.6971,2025-01-31
1738368000000,102433.5,102791.8,100254.1,100633.9,40323.5347,2025-02-01
1738454400000,100633.9,101477.0,96130.5,97701.9,101103.2938,2025-02-02
1738540800000,97702.0,102551.0,91255.0,101358.2,204135.6106,2025-02-03
1738627200000,101358.3,101754.4,96129.0,97759.9,107256.4549,2025-02-04
1738713600000,97760.0,99183.5,96138.5,96618.3,63213.816,2025-02-05
1738800000000,96618.3,99146.0,95669.8,96555.9,73977.8757,2025-02-06
1738886400000,96555.9,100144.0,95550.8,96490.8,94531.1446,2025-02-07
1738972800000,96490.7,96909.8,95668.2,96449.5,31273.5909,2025-02-08
1739059200000,96449.5,97333.0,94707.4,96465.0,44975.5686,2025-02-09
1739145600000,96464.9,98378.4,95250.0,97417.7,66287.3827,2025-02-10
1739232000000,97417.7,98500.0,94866.9,95783.7,72632.0808,2025-02-11
1739318400000,95783.8,98168.0,94072.1,97885.8,91907.2631,2025-02-12
1739404800000,97885.9,98100.0,95215.3,96611.0,64128.1991,2025-02-13
1739491200000,96611.0,98847.4,96280.0,97500.0,64558.6533,2025-02-14
1739577600000,97500.0,97995.0,97222.0,97590.6,21062.8262,2025-02-15
1739664000000,97590.5,97731.8,96050.0,96113.5,28935.0108,2025-02-16
1739750400000,96113.5,97051.9,95154.7,95784.0,51453.8608,2025-02-17
1739836800000,95784.1,96767.4,93365.4,95662.3,76685.77,2025-02-18
1739923200000,95662.3,96896.2,95050.0,96641.3,60863.1905,2025-02-19
1740009600000,96641.4,98724.9,96413.8,98299.5,63912.3972,2025-02-20
1740096000000,98299.5,99488.0,94840.6,96138.4,112612.2313,2025-02-21
1740182400000,96138.4,97000.0,95743.3,96540.1,30678.7084,2025-02-22
1740268800000,96540.1,96643.0,95260.0,96268.1,30379.6073,2025-02-23
1740355200000,96268.2,96532.0,91324.4,91550.1,99799.9743,2025-02-24
1740441600000,91550.1,92543.0,86042.0,88676.4,208140.5516,2025-02-25
1740528000000,88676.4,89400.0,82228.0,84245.5,178711.0964,2025-02-26
1740614400000,84245.5,87097.0,82706.8,84701.5,119425.26,2025-02-27
1740700800000,84701.6,85130.0,78234.0,84352.5,239988.4949,2025-02-28
1740787200000,84352.5,86555.0,83806.4,86056.9,67605.296,2025-03-01
1740873600000,86056.9,95050.0,85042.8,94283.1,163157.7822,2025-03-02
1740960000000,94282.9,94439.9,85112.0,86227.8,181870.8664,2025-03-03
1741046400000,86227.8,88955.0,81488.0,87280.8,189760.6565,2025-03-04
1741132800000,87280.7,91068.6,86355.7,90610.9,128414.9153,2025-03-05
1741219200000,90611.0,92845.3,87833.0,89933.7,137769.4634,2025-03-06
1741305600000,89933.7,91304.7,84628.0,86784.9,212818.6942,2025-03-07
1741392000000,86784.9,86907.4,85210.0,86239.3,46847.7933,2025-03-08
1741478400000,86239.4,86520.0,79940.0,80734.3,100160.4667,2025-03-09
1741564800000,80734.3,84084.5,77450.0,78596.8,180141.1372,2025-03-10
1741651200000,78596.8,83632.2,76600.0,82944.2,174336.903,2025-03-11
1741737600000,82944.1,84547.4,80600.0,83692.1,128682.0814,2025-03-12
1741824000000,83692.0,84345.0,79934.5,81121.9,110560.2174,2025-03-13
1741910400000,81121.9,85317.1,80816.0,83988.0,104743.833,2025-03-14
1741996800000,83988.0,84677.4,83610.7,84344.0,38672.4492,2025-03-15
1742083200000,84344.1,85167.9,81980.8,82576.0,84701.5066,2025-03-16
1742169600000,82576.1,84768.6,82444.0,83994.1,86719.6464,2025-03-17
1742256000000,83994.0,84017.7,81124.9,82707.3,89580.4277,2025-03-18
1742342400000,82707.4,87058.8,82530.0,86847.4,111657.4136,2025-03-19
1742428800000,86847.5,87467.2,83638.1,84223.5,102624.2212,2025-03-20
1742515200000,84223.4,84850.0,83171.0,84087.4,67216.3518,2025-03-21
1742601600000,84087.3,84548.0,83650.1,83850.5,23306.3061,2025-03-22
1742688000000,83850.4,86147.7,83802.2,86081.2,44599.1974,2025-03-23
1742774400000,86081.2,88794.6,85529.4,87506.9,98511.1006,2025-03-24
1742860800000,87506.8,88555.0,86306.5,87420.8,84551.7003,2025-03-25
1742947200000,87420.8,88296.0,85837.3,86919.0,91385.3933,2025-03-26
1743033600000,86918.9,87749.5,85800.0,87218.3,79782.2157,2025-03-27
1743120000000,87218.4,87508.7,83562.9,84429.1,111197.6721,2025-03-28
1743206400000,84429.1,84623.2,81626.1,82650.6,71098.3139,2025-03-29
1743292800000,82650.6,83545.3,81558.3,82403.4,59745.8524,2025-03-30
1743379200000,82403.5,83943.6,81260.9,82556.6,97178.3011,2025-03-31
1743465600000,82556.6,85587.7,82433.0,85162.6,100447.9198,2025-04-01
1743552000000,85162.6,88547.4,82325.4,82513.5,182606.9595,2025-04-02
1743638400000,82513.5,83933.5,81168.2,83223.5,111178.1089,2025-04-03
1743724800000,83224.5,84750.0,81668.8,83900.0,157138.006,2025-04-04
1743811200000,83900.0,84280.8,82376.1,83536.7,46011.3331,2025-04-05
1743897600000,83536.7,83800.0,77141.8,78419.9,131899.9401,2025-04-06
1743984000000,78420.0,81233.5,74505.2,79180.1,317123.0407,2025-04-07
1744070400000,79180.2,80866.7,76245.9,76332.0,156283.9313,2025-04-08
1744156800000,76331.9,83600.7,74612.2,82634.8,260142.1942,2025-04-09
1744243200000,82634.8,82758.8,78460.8,79606.0,154216.2717,2025-04-10
1744329600000,79606.0,84361.4,78960.0,83422.0,149312.4179,2025-04-11
1744416000000,83422.0,85917.7,82770.3,85272.7,78783.3383,2025-04-12
1744502400000,85272.8,86147.9,83019.0,83765.0,108715.3837,2025-04-13
1744588800000,83765.0,85819.7,83684.4,84579.9,108333.0403,2025-04-14
1744675200000,84580.0,86478.0,83588.1,83649.6,99180.4931,2025-04-15
1744761600000,83649.6,85588.0,83101.4,84034.1,101328.182,2025-04-16
1744848000000,84034.1,85488.0,83703.0,84949.9,76977.7332,2025-04-17
1744934400000,84949.9,85149.1,84270.2,84467.8,31839.3454,2025-04-18
1745020800000,84467.8,85700.0,84370.0,85091.6,44019.7347,2025-04-19
1745107200000,85091.6,85338.1,83935.4,85193.1,48524.8462,2025-04-20
1745193600000,85193.1,88474.3,85151.5,87505.0,133320.4727,2025-04-21
1745280000000,87505.1,94180.0,87050.0,93461.2,164140.3946,2025-04-22
1745366400000,93462.0,94800.0,91945.4,93683.6,120774.2623,2025-04-23
1745452800000,93683.6,93982.6,91640.1,93960.1,86364.2627,2025-04-24
1745539200000,93960.1,95737.2,92801.0,94601.9,104699.9514,2025-04-25
1745625600000,94601.9,95171.4,93825.0,94582.0,42619.6367,2025-04-26
1745712000000,94582.0,95276.3,93538.4,93708.0,47717.7617,2025-04-27
1745798400000,93708.0,95577.6,92732.5,94960.0,120922.4013,2025-04-28
1745884800000,94959.9,95442.2,93668.5,94196.0,85822.1647,2025-04-29
1745971200000,94196.0,95200.0,92864.0,94112.2,98463.3607,2025-04-30
1746057600000,94112.3,97398.0,94068.6,96443.3,108636.4057,2025-05-01
1746144000000,96443.2,97861.2,96307.6,96837.0,75723.0607,2025-05-02
1746230400000,96836.9,96880.0,95666.4,95800.0,45767.3161,2025-05-03
1746316800000,95800.0,96265.0,94102.3,94232.0,49087.3509,2025-05-04
1746403200000,94232.1,95150.0,93430.4,94694.1,78633.484,2025-05-05
1746489600000,94694.1,96866.0,93338.0,96782.0,78812.2225,2025-05-06
1746576000000,96782.0,97720.0,95737.8,96984.0,91472.9277,2025-05-07
1746662400000,96983.9,104318.9,96805.0,103234.1,153223.3174,2025-05-08
1746748800000,103234.0,104359.8,102241.7,102946.2,87479.1202,2025-05-09
1746835200000,102946.2,104962.6,102777.6,104787.8,54384.9746,2025-05-10
1746921600000,104787.3,104937.5,103294.2,104066.0,63735.2335,2025-05-11
1747008000000,104065.9,105834.5,100700.0,102740.0,120868.0747,2025-05-12
1747094400000,102740.1,104975.2,101368.5,104088.1,82248.4047,2025-05-13
1747180800000,104088.1,104329.2,102555.0,103450.2,64612.3332,2025-05-14
1747267200000,103450.3,104172.9,101324.0,103723.9,89406.0694,2025-05-15
1747353600000,103723.8,104541.6,103066.0,103411.5,61876.0917,2025-05-16
1747440000000,103411.5,103665.8,102559.8,103093.0,42698.2717,2025-05-17
1747526400000,103093.0,106654.0,103060.0,106435.0,85399.8087,2025-05-18
1747612800000,106435.0,107149.2,102025.0,105534.5,124888.0266,2025-05-19
1747699200000,105534.5,107286.3,104137.9,106788.5,107487.1485,2025-05-20
1747785600000,106788.4,110817.8,106038.5,109609.1,180790.136,2025-05-21
1747872000000,109609.2,111987.0,109143.5,111645.9,109644.4345,2025-05-22
1747958400000,111646.0,111746.1,106729.0,107272.3,130016.0705,2025-05-23
1748044800000,107272.3,109450.0,106844.7,107724.0,59985.8279,2025-05-24
1748131200000,107724.0,109285.9,106533.3,108962.2,78215.4171,2025-05-25
1748217600000,108962.1,110392.7,108639.4,109391.9,77340.7948,2025-05-26
1748304000000,109391.9,110722.0,107469.3,108895.5,114427.837,2025-05-27
1748390400000,108895.6,109250.0,106728.4,107720.7,80925.6456,2025-05-28
1748476800000,107720.7,108869.7,105258.0,105548.4,121292.3809,2025-05-29
1748563200000,105548.3,106277.2,103557.0,103959.0,108138.5886,2025-05-30
1748649600000,103959.0,104861.4,103022.1,104550.0,48224.6589,2025-05-31
1748736000000,104550.0,105823.1,103710.0,105586.0,46317.4713,2025-06-01
1748822400000,105586.1,105900.0,103615.0,105814.4,72963.3483,2025-06-02
1748908800000,105814.5,106755.3,104823.0,105339.5,71243.6511,2025-06-03
1748995200000,105339.5,105950.0,104113.6,104643.5,58119.2951,2025-06-04
1749081600000,104643.5,105864.8,100333.0,101457.8,123251.4914,2025-06-05
1749168000000,101457.8,105288.0,101048.8,104234.8,82803.5163,2025-06-06
1749254400000,104234.9,105875.2,103825.2,105502.9,40794.6028,2025-06-07
1749340800000,105502.9,106450.0,104919.3,105680.0,39139.5672,2025-06-08
1749427200000,105680.0,110649.5,105238.0,110220.0,98558.4516,2025-06-09
1749513600000,110220.0,110364.1,108274.1,110237.4,68975.2548,2025-06-10
1749600000000,110237.4,110360.0,107964.8,108596.4,62739.3359,2025-06-11
1749686400000,108596.4,108777.0,105600.1,105611.0,87589.491,2025-06-12
1749772800000,105611.1,106138.1,102652.4,106009.0,117138.576,2025-06-13
1749859200000,106009.1,106168.0,104255.0,105363.4,37192.5882,2025-06-14
1749945600000,105363.4,106082.0,104425.6,105540.0,36394.7738,2025-06-15
1750032000000,105540.1,108973.3,104927.2,106764.6,77249.3973,2025-06-16
1750118400000,106764.6,107721.0,103300.0,104516.5,103754.919,2025-06-17
1750204800000,104516.5,105498.9,103418.6,104834.2,83687.6691,2025-06-18
1750291200000,104834.2,105180.2,103883.0,104600.1,40356.6447,2025-06-19
1750377600000,104600.1,106480.1,102282.4,103250.1,94540.1301,2025-06-20
1750464000000,103250.1,103954.7,100805.0,102070.0,56833.62,2025-06-21
1750550400000,102069.9,103372.7,98133.0,100898.2,136878.1897,2025-06-22
1750636800000,100898.2,106043.9,99569.3,105288.1,136009.4403,2025-06-23
1750723200000,105288.0,106249.9,104575.0,106040.5,73934.6375,2025-06-24
1750809600000,106040.6,108090.2,105754.8,107278.0,81788.7164,2025-06-25
1750896000000,107278.1,108238.3,106485.3,106915.3,59749.3345,2025-06-26
1750982400000,106915.3,107700.8,106314.5,107002.4,58192.8589,2025-06-27
1751068800000,107002.6,107519.1,106737.3,107234.6,19393.9245,2025-06-28
1751155200000,107234.6,108487.8,107104.8,108308.8,38533.2922,2025-06-29
1751241600000,108308.8,108764.8,106676.7,107081.9,59349.3135,2025-06-30
1751328000000,107081.9,107489.1,105188.0,105645.6,59461.6387,2025-07-01
1751414400000,105645.6,109728.1,105050.1,108797.8,86114.2602,2025-07-02
1751500800000,108797.9,110500.0,108481.8,109548.8,73745.451,2025-07-03
1751587200000,109548.9,109738.2,107208.3,107941.9,61596.0729,2025-07-04
1751673600000,107942.0,108350.0,107692.1,108147.8,21143.6607,2025-07-05
1751760000000,108147.8,109677.9,107740.2,109142.0,39048.8844,2025-07-06
1751846400000,109142.1,109665.9,107450.0,108209.9,52571.2495,2025-07-07
1751932800000,108210.0,109179.7,107363.6,108878.4,50452.3732,2025-07-08
1752019200000,108878.3,112023.7,108280.0,111198.6,80186.6494,2025-07-09
1752105600000,111198.6,117766.8,110415.8,115993.0,101284.8618,2025-07-10
1752192000000,115993.0,118880.0,115210.3,117509.0,93607.5742,2025-07-11
1752278400000,117509.0,118182.3,116901.5,117398.7,35572.0352,2025-07-12
1752364800000,117398.8,119488.0,117182.5,119050.0,46006.9876,2025-07-13
1752451200000,119050.0,123293.3,118874.1,119840.1,108556.9299,2025-07-14
1752537600000,119840.0,119960.0,115750.0,117759.9,121942.6083,2025-07-15
1752624000000,117759.9,120127.6,117041.1,118660.9,79849.7935,2025-07-16
1752710400000,118660.9,121033.0,117462.0,119215.0,83206.4822,2025-07-17
1752796800000,119215.0,120888.0,116855.4,117987.6,78000.6621,2025-07-18
1752883200000,117987.6,118548.4,117300.0,117870.0,29495.9511,2025-07-19
1752969600000,117870.0,118940.0,116490.0,117305.7,40298.7789,2025-07-20
1753056000000,117304.9,119777.0,116538.0,117411.9,68021.708,2025-07-21
1753142400000,117412.0,120400.0,116138.5,120044.0,85094.4047,2025-07-22
1753228800000,120044.0,120200.0,117328.9,118788.8,64935.09,2025-07-23
1753315200000,118788.7,119568.0,117104.3,118365.3,66574.4462,2025-07-24
1753401600000,118365.9,118482.7,114700.1,117629.2,123915.6995,2025-07-25
1753488000000,117629.3,118317.1,117168.0,117908.0,28369.4889,2025-07-26
1753574400000,117908.0,119838.0,117811.2,119472.0,37131.9786,2025-07-27
1753660800000,119472.0,119868.0,117444.0,118099.1,50080.5914,2025-07-28
1753747200000,118099.1,119328.4,116945.3,117940.8,54102.0984,2025-07-29
1753833600000,117940.9,118800.0,115722.2,117794.8,58859.1125,2025-07-30
1753920000000,117794.8,118929.1,115423.9,115706.6,63924.5775,2025-07-31
1754006400000,115706.5,116007.0,112676.6,113250.0,108771.7094,2025-08-01
1754092800000,113250.0,114009.4,111950.0,112502.1,50380.5793,2025-08-02
1754179200000,112502.0,114728.5,111850.0,114152.5,35137.7348,2025-08-03
1754265600000,114152.6,115688.0,114055.1,115001.0,44313.6284,2025-08-04
1754352000000,115001.0,115083.4,112600.0,114075.8,57456.3774,2025-08-05
1754438400000,114075.7,115656.0,113306.1,114944.0,44464.484,2025-08-06
1754524800000,114944.1,117585.1,114233.1,117428.8,53601.9956,2025-08-07
1754611200000,117428.8,117624.5,115839.1,116620.8,42586.2265,2025-08-08
1754697600000,116620.8,117914.0,116311.0,116450.1,36254.3791,2025-08-09
1754784000000,116450.1,119330.8,116438.3,119306.0,59640.6439,2025-08-10
1754870400000,119306.0,122348.0,118000.1,118659.8,89245.5964,2025-08-11
1754956800000,118659.7,120299.8,118176.3,120108.0,60828.3081,2025-08-12
1755043200000,120108.1,123754.4,118907.9,123361.7,85170.573,2025-08-13
1755129600000,123361.7,124590.0,117130.6,118260.1,111096.8636,2025-08-14
1755216000000,118260.0,119219.9,116750.0,117285.1,57399.2521,2025-08-15
1755302400000,117285.1,117848.9,117103.6,117325.6,24735.9898,2025-08-16
1755388800000,117325.7,118538.7,117123.0,117346.9,27276.1958,2025-08-17
1755475200000,117346.8,117488.0,114603.2,116185.7,67114.3037,2025-08-18
1755561600000,116185.6,116685.9,112656.3,112826.1,65665.3294,2025-08-19
1755648000000,112826.0,114578.3,112307.0,114230.0,59266.0328,2025-08-20
1755734400000,114230.0,114792.7,111955.0,112476.7,48772.607,2025-08-21
1755820800000,112476.7,117388.0,111623.2,116915.9,89256.2401,2025-08-22
1755907200000,116916.0,117013.5,114459.5,115386.0,40200.9598,2025-08-23
1755993600000,115386.1,115648.0,110346.3,113443.2,60797.8918,2025-08-24
1756080000000,113443.3,113611.2,109232.8,110074.0,82496.8101,2025-08-25
1756166400000,110074.0,112311.3,108636.8,111711.3,61250.2734,2025-08-26
1756252800000,111711.3,112580.6,110318.9,111203.2,50342.1541,2025-08-27
1756339200000,111203.3,113442.6,110820.0,112520.0,45858.5267,2025-08-28
1756425600000,112520.1,112617.6,107405.7,108335.7,73553.2412,2025-08-29
1756512000000,108335.8,108885.0,107276.5,108758.1,28130.8988,2025-08-30
1756598400000,108758.1,109436.2,108000.8,108199.7,31904.4206,2025-08-31
1756684800000,108199.7,109917.7,107210.7,109182.5,69990.3846,2025-09-01
1756771200000,109182.6,111747.7,108319.0,111185.5,81583.838,2025-09-02
1756857600000,111185.6,112554.1,110480.0,111655.0,49790.9538,2025-09-03
1756944000000,111654.9,112134.1,109280.0,110674.0,57051.2884,2025-09-04
1757030400000,110674.0,113350.0,110155.0,110627.4,91037.5546,2025-09-05
1757116800000,110627.4,111258.0,109920.0,110139.3,23741.0726,2025-09-06
1757203200000,110139.4,111563.0,110126.0,111079.0,27909.5877,2025-09-07
1757289600000,111078.7,112888.0,110555.5,112023.1,48395.4777,2025-09-08
1757376000000,112023.2,113243.7,110724.1,111500.0,65003.6933,2025-09-09
1757462400000,111500.0,114285.0,110888.0,113899.9,71673.4813,2025-09-10
1757548800000,113900.0,115449.4,113333.3,115437.9,63210.2227,2025-09-11
1757635200000,115437.9,116625.9,114700.0,115971.5,58426.804,2025-09-12
1757721600000,115971.5,116229.0,115077.0,115888.5,25122.5741,2025-09-13
1757808000000,115888.5,116130.3,115094.0,115226.4,26037.6469,2025-09-14
1757894400000,115226.4,116760.8,114305.4,115314.7,61644.5542,2025-09-15
1757980800000,115314.8,116926.0,114679.5,116747.5,50970.4947,2025-09-16
1758067200000,116747.6,117235.0,114668.2,116404.0,74548.1337,2025-09-17
1758153600000,116403.9,117877.1,116044.0,117020.1,50290.784,2025-09-18
1758240000000,117020.1,117416.5,115014.8,115571.1,42330.7459,2025-09-19
1758326400000,115571.1,116065.4,115365.0,115623.2,16393.4224,2025-09-20
1758412800000,115623.3,115779.3,115102.0,115172.1,15360.2019,2025-09-21
1758499200000,115172.1,115332.0,111337.9,112609.9,79156.6602,2025-09-22
1758585600000,112610.0,113240.0,111380.1,111941.6,46543.2631,2025-09-23
1758672000000,111941.6,113887.0,110895.6,113253.6,50703.6518,2025-09-24
1758758400000,113253.6,113481.6,108566.1,108939.6,83845.4934,2025-09-25
1758844800000,108939.6,110233.0,108567.8,109584.0,57150.4503,2025-09-26
1758931200000,109584.0,109692.0,109013.5,109581.8,19949.5761,2025-09-27
1759017600000,109581.8,112313.7,109150.0,112121.1,34160.3488,2025-09-28
1759104000000,112121.0,114360.0,111500.4,114246.0,58836.881,2025-09-29
1759190400000,114246.0,114786.2,112607.4,113998.7,58651.2007,2025-09-30
1759276800000,113998.7,118666.0,113911.2,118560.5,83159.1485,2025-10-01
1759363200000,118560.4,120996.0,118248.0,120477.9,72164.5095,2025-10-02
1759449600000,120477.9,123863.7,119214.0,122189.0,84980.3078,2025-10-03
1759536000000,122189.0,122759.0,121476.6,122352.5,31971.2248,2025-10-04
1759622400000,122352.6,125800.0,122091.7,123434.4,77192.0255,2025-10-05
1759708800000,123434.4,126173.6,123038.0,124622.6,69963.5748,2025-10-06
1759795200000,124622.6,125097.6,120561.6,121281.8,88131.9086,2025-10-07
1759881600000,121281.9,124179.2,121021.8,123235.7,69363.6837,2025-10-08
1759968000000,123235.8,123747.1,119578.0,121604.6,93716.8302,2025-10-09
1760054400000,121604.6,122465.5,101482.7,112776.1,203041.317,2025-10-10
1760140800000,112776.1,113318.5,109521.4,110614.0,79097.9421,2025-10-11
1760227200000,110613.9,115744.3,109550.0,114911.4,86909.0983,2025-10-12
1760313600000,114911.4,115920.3,113560.1,115115.1,66959.8115,2025-10-13
1760400000000,115115.2,115369.2,109802.0,112982.0,108158.3175,2025-10-14
1760486400000,112982.0,113575.5,110098.8,110714.3,75393.7759,2025-10-15
1760572800000,110714.2,111950.0,107333.3,108140.1,98084.6557,2025-10-16
1760659200000,108140.1,109184.1,103450.0,106375.9,116265.2491,2025-10-17
1760745600000,106375.9,107460.0,106261.9,107118.7,30808.2888,2025-10-18
1760832000000,107118.7,109398.4,106077.0,108588.5,54920.1598,2025-10-19
1760918400000,108588.5,111694.0,107383.0,110487.8,78008.7988,2025-10-20
1761004800000,110487.8,113988.0,107408.3,108243.0,132294.6766,2025-10-21
1761091200000,108243.1,109144.0,106600.0,107530.5,94847.178,2025-10-22
1761177600000,107530.5,111235.3,107456.0,110009.7,66917.4301,2025-10-23
1761264000000,110009.8,112178.3,109641.7,110961.5,60481.4699,2025-10-24
1761350400000,110961.5,111906.7,110603.3,111583.7,25727.1804,2025-10-25
1761436800000,111583.6,115759.3,111200.0,114508.4,53930.8961,2025-10-26
1761523200000,114508.4,116400.3,113803.1,114060.3,60029.6703,2025-10-27
1761609600000,114060.3,116055.5,112138.0,112848.6,69802.6648,2025-10-28
1761696000000,112848.6,113599.9,109100.0,109973.0,103181.1679,2025-10-29
1761782400000,109973.0,111555.0,106212.9,108261.0,111539.6859,2025-10-30
1761868800000,108261.0,111111.1,108216.0,109547.3,74416.0425,2025-10-31
1761955200000,109547.3,110499.0,109329.2,110050.2,20434.533,2025-11-01
1762041600000,110050.2,111199.7,109400.0,110498.9,32410.8607,2025-11-02
1762128000000,110498.9,110737.3,105250.0,106533.6,83230.8457,2025-11-03
1762214400000,106533.6,107250.1,98888.1,101436.4,131691.8333,2025-11-04
1762300800000,101436.4,104500.0,98920.9,103830.4,80753.2279,2025-11-05
1762387200000,103830.4,104168.3,100250.0,101306.0,78654.4462,2025-11-06
1762473600000,101306.1,104044.0,99200.0,103286.2,83020.4283,2025-11-07
1762560000000,103286.3,103367.0,101415.0,102268.9,36035.2649,2025-11-08
1762646400000,102269.0,105444.0,101320.0,104659.2,51404.6112,2025-11-09
1762732800000,104659.2,106626.3,104218.2,105960.0,61264.1714,2025-11-10
1762819200000,105960.0,107499.8,102444.0,103017.9,71746.3257,2025-11-11
1762905600000,103018.0,105293.2,100688.7,101607.9,76545.3071,2025-11-12
1762992000000,101608.0,104000.0,97930.0,99639.2,117161.6184,2025-11-13
1763078400000,99639.2,99825.4,93929.7,94533.0,138137.7213,2025-11-14
1763164800000,94533.0,96769.1,94507.5,95557.1,46027.5718,2025-11-15
1763251200000,95557.1,96587.3,92918.3,94224.4,72038.8675,2025-11-16
1763337600000,94224.4,96000.0,91255.1,92170.1,108501.6696,2025-11-17
1763424000000,92170.1,93784.8,89250.5,92922.5,120604.7049,2025-11-18
1763510400000,92922.4,92942.9,88556.1,91520.6,114973.7709,2025-11-19
1763596800000,91520.6,93130.0,86054.0,86595.1,147087.468,2025-11-20
1763683200000,86595.1,87466.0,80602.4,85086.5,224188.573,2025-11-21
1763769600000,85086.6,85590.4,83465.9,84700.0,49781.5472,2025-11-22
1763856000000,84700.0,88099.9,84635.4,86803.9,68886.2112,2025-11-23
1763942400000,86803.9,89183.2,85217.9,88241.8,107412.5466,2025-11-24
1764028800000,88241.9,88467.2,86057.4,87312.0,84078.7803,2025-11-25
1764115200000,87311.9,90664.4,86266.0,90425.8,84032.2926,2025-11-26
1764201600000,90425.8,91908.5,90020.1,91287.2,65158.9622,2025-11-27
1764288000000,91287.2,93133.9,90173.6,90850.0,91187.1998,2025-11-28
1764374400000,90850.1,91130.5,90113.7,90762.8,34401.8462,2025-11-29
1764460800000,90762.8,91935.8,90300.0,90316.5,42078.4866,2025-11-30
1764547200000,90316.6,90385.5,83777.0,86245.0,151446.0925,2025-12-01
1764633600000,86245.0,92282.8,86137.0,91246.6,115328.4514,2025-12-02
1764720000000,91246.5,94151.9,90963.8,93377.4,107246.4513,2025-12-03
1764806400000,93377.4,94047.9,90815.3,92036.3,79565.8055,2025-12-04
1764892800000,92036.3,92652.5,87936.1,89284.0,90059.4632,2025-12-05
1764979200000,89283.9,90279.7,88860.0,89186.8,33461.8935,2025-12-06
1765065600000,89186.9,91728.5,87670.0,90335.6,70507.4855,2025-12-07
1765152000000,90335.6,92255.0,89560.1,90604.7,73613.295,2025-12-08
1765238400000,90604.8,94569.9,89447.4,92627.9,89030.6309,2025-12-09
1765324800000,92627.9,94444.0,91507.2,91979.7,84543.8441,2025-12-10
1765411200000,91979.8,93540.8,89210.7,92479.9,90444.0129,2025-12-11
1765497600000,92480.0,92719.9,89409.9,90219.7,76006.9069,2025-12-12
1765584000000,90219.7,90600.0,89715.5,90204.1,23015.2052,2025-12-13
1765670400000,90204.1,90450.0,87523.3,88114.6,46790.9196,2025-12-14
1765756800000,88114.5,89979.1,85088.3,86390.9,90716.0652,2025-12-15
1765843200000,86391.0,88146.6,85223.2,87825.7,73904.0371,2025-12-16
1765929600000,87825.8,90350.0,85282.1,86201.5,105209.7809,2025-12-17
1766016000000,86201.6,89468.8,84401.9,85458.2,114220.671,2025-12-18
1766102400000,85458.3,89539.0,85047.9,88104.0,93680.2184,2025-12-19
1766188800000,88104.0,88538.0,87746.6,88322.0,18376.9964,2025-12-20
1766275200000,88322.0,89058.6,87553.0,88624.1,36826.3877,2025-12-21
1766361600000,88624.1,90574.0,87824.6,88576.2,81206.1925,2025-12-22
1766448000000,88576.2,88910.9,86532.7,87442.2,68807.8024,2025-12-23
1766534400000,87442.2,88034.4,86350.0,87630.1,44597.8493,2025-12-24
1766620800000,87630.1,88576.3,86901.1,87180.4,35717.3798,2025-12-25
1766707200000,87180.4,89533.0,86601.1,87328.0,69682.2499,2025-12-26
1766793600000,87327.9,87954.9,87210.0,87833.6,15513.7256,2025-12-27
1766880000000,87833.5,88072.0,87374.0,87913.0,22811.0241,2025-12-28
1766966400000,87913.0,90368.0,86750.0,87195.3,90955.0334,2025-12-29
1767052800000,87195.3,89355.0,86766.3,88450.1,64320.4081,2025-12-30
1767139200000,88450.1,89187.9,87162.3,87593.1,51831.5074,2025-12-31
1767225600000,87593.0,88880.0,87501.4,88805.0,26688.2916,2026-01-01
1767312000000,88805.0,90935.3,88329.1,89950.4,86309.858,2026-01-02
1767398400000,89950.4,90707.3,89266.0,90587.9,32291.8594,2026-01-03
1767484800000,90588.0,91806.0,90587.9,91488.7,39025.8738,2026-01-04
1767571200000,91488.7,94778.8,91475.1,93817.8,92095.2352,2026-01-05
1767657600000,93817.9,94421.9,91221.9,93712.9,87470.4651,2026-01-06
1767744000000,93713.0,93713.0,90614.7,91330.4,70511.4391,2026-01-07
1767830400000,91330.5,91650.0,89268.0,91055.7,76759.7079,2026-01-08
1767916800000,91055.6,91983.0,89650.4,90604.6,71364.1092,2026-01-09
1768003200000,90604.7,90791.3,90342.1,90471.7,14086.527,2026-01-10
1768089600000,90471.7,91258.9,90155.1,90962.0,23898.8539,2026-01-11
1768176000000,90961.9,92495.0,90064.4,91250.2,88322.3312,2026-01-12
1768262400000,91250.3,96777.0,91008.1,95394.2,101522.6199,2026-01-13
1768348800000,95394.2,97900.0,94505.0,96914.6,90520.1111,2026-01-14
1768435200000,96914.5,97162.1,95089.0,95570.0,70987.2662,2026-01-15
1768521600000,95570.0,95814.0,94262.0,95500.8,47162.9526,2026-01-16
1768608000000,95500.7,95611.5,94973.0,95114.0,19773.5213,2026-01-17
1768694400000,95114.0,95495.0,93555.0,93625.2,27969.9453,2026-01-18
1768780800000,93625.1,93625.2,91816.7,92588.1,56136.6346,2026-01-19
1768867200000,92588.0,92837.0,87716.1,88387.3,100838.5278,2026-01-20
1768953600000,88387.3,90541.7,87200.1,89401.0,107915.8911,2026-01-21
1769040000000,89401.0,90312.2,88453.1,89519.1,54095.4533,2026-01-22
1769126400000,89519.1,91180.0,88502.4,89556.0,61681.1514,2026-01-23
1769212800000,89556.0,89892.2,89112.1,89180.0,18112.5992,2026-01-24
1769299200000,89180.1,89285.2,86033.5,86628.9,62598.8638,2026-01-25
1769385600000,86628.8,88863.7,86458.7,88302.3,64277.71,2026-01-26
1769472000000,88302.2,89492.3,87257.1,89209.1,60659.1405,2026-01-27
1769558400000,89209.1,90599.3,88779.9,89264.3,62152.2258,2026-01-28
1769644800000,89264.4,89326.8,83302.4,84603.8,111515.8769,2026-01-29
1769731200000,84603.8,84690.2,80918.1,84212.7,125235.8099,2026-01-30
1769817600000,84212.7,84231.1,75658.0,78699.6,148285.195,2026-01-31
1769904000000,78699.6,79376.0,75671.5,76946.4,89586.4998,2026-02-01
1769990400000,76946.3,79321.8,74569.6,78698.6,132569.6533,2026-02-02
1770076800000,78698.6,79171.2,72912.6,75744.5,149812.9006,2026-02-03
1770163200000,75744.5,76935.4,71818.8,73130.5,139754.9901,2026-02-04
1770249600000,73130.6,73303.3,62225.5,62873.6,335210.987,2026-02-05
1770336000000,62873.6,71700.0,59909.0,70528.9,276563.8619,2026-02-06
1770422400000,70529.0,71689.3,67320.1,69260.0,127652.7165,2026-02-07
1770508800000,69260.1,72276.0,68850.5,70300.1,81112.2524,2026-02-08
1770595200000,70300.1,71411.0,68249.2,70115.4,107428.6483,2026-02-09
1770681600000,70115.5,70508.4,67866.7,68804.2,88796.3127,2026-02-10
1770768000000,68804.3,69265.7,65721.5,67051.5,133032.1869,2026-02-11
1770854400000,67052.7,68390.0,65080.0,66243.0,102308.8615,2026-02-12
1770940800000,66242.9,69450.0,65836.0,68814.9,96624.6748,2026-02-13
1771027200000,68814.9,70563.8,68690.1,69790.3,55710.3483,2026-02-14
1771113600000,69791.1,70929.0,68036.4,68796.6,79162.1314,2026-02-15
1771200000000,68796.6,70088.9,67237.4,68864.0,75955.3099,2026-02-16
1771286400000,68864.1,69236.2,66566.0,67480.6,82194.8699,2026-02-17
1771372800000,67480.7,68437.0,65826.6,66428.1,79527.5138,2026-02-18
1771459200000,66428.1,67290.1,65600.0,66969.9,71883.4597,2026-02-19
1771545600000,66969.9,68288.0,66428.1,67986.4,102611.7325,2026-02-20
1771632000000,67986.4,68685.8,67500.0,67943.5,42441.1865,2026-02-21
1771718400000,67943.5,68222.0,67112.2,67619.7,44267.7538,2026-02-22
1771804800000,67619.6,67664.2,63850.0,64624.7,153014.0804,2026-02-23
1771891200000,64624.8,64976.8,62400.0,64028.2,117025.6468,2026-02-24
1771977600000,64028.2,70090.9,63876.0,67966.5,166087.5319,2026-02-25
1772064000000,67966.6,68829.5,66446.4,67448.4,98154.3637,2026-02-26
1772150400000,67448.5,68200.0,64888.0,65842.1,103359.5424,2026-02-27
1772236800000,65842.1,67726.7,62975.6,66938.2,126700.0466,2026-02-28
1772323200000,66938.2,68181.3,65005.2,65739.9,106396.6562,2026-03-01
1772409600000,65739.9,70077.4,65209.5,68799.5,144930.6025,2026-03-02
1772496000000,68799.4,69242.1,66073.8,68294.3,135758.5077,2026-03-03
1772582400000,68294.4,74030.0,67358.1,72644.4,187850.6804,2026-03-04
1772668800000,72644.3,73526.0,70611.1,70851.8,113525.7064,2026-03-05
1772755200000,70851.8,71397.5,67707.2,68076.9,112281.8924,2026-03-06
1772841600000,68076.8,68524.8,66880.4,67227.7,44829.7116,2026-03-07
1772928000000,67227.7,68167.6,65566.9,65942.4,76883.6125,2026-03-08
1773014400000,65942.4,69547.6,65781.7,68387.6,115627.2637,2026-03-09
1773100800000,68387.6,71755.2,68350.9,69912.9,138658.138,2026-03-10
1773187200000,69912.9,71297.7,68944.4,70151.5,112975.2381,2026-03-11
1773273600000,70151.5,70779.2,69156.0,70479.6,101317.4458,2026-03-12
1773360000000,70479.5,73866.7,70345.2,70897.0,151552.7121,2026-03-13
1773446400000,70897.0,71275.2,70250.2,71172.8,40881.386,2026-03-14
1773532800000,71172.8,73179.6,70810.5,72774.1,61161.2951,2026-03-15
1773619200000,72774.1,74880.0,72213.7,74842.3,119221.0053,2026-03-16
1773705600000,74842.2,75983.8,73249.4,73870.6,103964.2499,2026-03-17
1773792000000,73870.6,74644.4,70452.8,71211.6,109940.8439,2026-03-18
1773878400000,71211.6,71582.9,68755.0,69884.8,109881.1808,2026-03-19
1773964800000,69884.8,71343.7,69354.6,70476.2,98949.8534,2026-03-20
1774051200000,70476.2,71087.7,68518.8,68889.3,43114.4366,2026-03-21
1774137600000,68889.3,69576.8,67307.6,67830.9,80567.5298,2026-03-22
1774224000000,67830.9,71777.0,67417.0,70862.0,158792.371,2026-03-23
1774310400000,70862.0,71375.0,68868.1,70523.8,110053.2947,2026-03-24
1774396800000,70523.9,71989.0,70362.3,71307.0,96830.2539,2026-03-25
1774483200000,71307.0,71416.7,68115.8,68799.5,95698.9699,2026-03-26
1774569600000,68799.5,69164.0,65511.6,66363.1,113185.2003,2026-03-27
1774656000000,66363.0,67294.4,65901.0,66340.0,47909.2919,2026-03-28
1774742400000,66340.1,67114.2,64930.8,65980.4,57293.2204,2026-03-29
1774828800000,65980.5,68198.9,65762.0,66765.2,111384.0452,2026-03-30
1774915200000,66765.1,68575.1,65946.0,68241.2,128506.8367,2026-03-31
1775001600000,68241.1,69315.8,67550.1,68079.1,91774.4549,2026-04-01
1775088000000,68079.0,68626.6,65653.0,66864.5,105442.3186,2026-04-02
1775174400000,66864.6,67350.0,66250.0,66929.0,45415.8844,2026-04-03
1775260800000,66928.9,67550.0,66734.5,67267.4,30042.1752,2026-04-04
1775347200000,67267.3,69118.0,66572.3,69008.0,59614.5208,2026-04-05
1775433600000,69008.0,70322.8,68269.0,68812.9,102655.044,2026-04-06
1775520000000,68812.9,72773.9,67680.2,71904.6,132796.7187,2026-04-07
1775606400000,71904.7,72876.5,70670.0,71041.7,98335.8957,2026-04-08
1775692800000,71041.8,73146.1,70422.0,71759.0,101569.083,2026-04-09
1775779200000,71759.1,73452.3,71388.9,72925.8,85214.4399,2026-04-10
1775865600000,72925.7,73799.1,72480.4,73014.7,42011.2261,2026-04-11
1775952000000,73014.7,73107.1,70456.0,70707.9,67150.8375,2026-04-12
1776038400000,70707.9,74876.5,70542.1,74385.5,109139.6482,2026-04-13
1776124800000,74385.4,76000.0,73743.9,74100.1,96493.242,2026-04-14
1776211200000,74100.0,75391.9,73443.0,74773.4,77617.713,2026-04-15
1776297600000,74773.4,75522.3,73220.2,75106.7,83245.1468,2026-04-16
1776384000000,75106.7,78323.0,74495.2,77033.1,132892.0838,2026-04-17
1776470400000,77033.0,77392.4,75370.0,75649.6,55532.229,2026-04-18
1776556800000,75649.5,76219.3,73716.3,73767.8,72423.7626,2026-04-19
1776643200000,73768.4,76548.5,73666.0,75803.4,94987.7912,2026-04-20
1776729600000,75803.4,76924.5,74766.1,76302.1,92714.0543,2026-04-21
1776816000000,76302.2,79443.4,76111.0,78147.0,109355.219,2026-04-22
1776902400000,78147.1,78620.0,76911.1,78209.7,98436.5143,2026-04-23
1776988800000,78209.8,78546.9,77202.2,77386.8,78391.5159,2026-04-24
1777075200000,77386.7,77839.6,77034.5,77587.9,29712.9032,2026-04-25
1777161600000,77588.0,78958.9,77289.8,78621.5,63642.3143,2026-04-26
1777248000000,78621.6,79489.9,76400.0,77327.6,99910.8015,2026-04-27
1777334400000,77327.6,77444.0,75624.7,76301.9,62315.4949,2026-04-28
1777420800000,76301.9,77882.3,74893.3,75755.0,102569.5119,2026-04-29
1777507200000,75755.0,76621.0,75276.9,76312.8,67297.729,2026-04-30
1777593600000,76312.9,78888.0,76275.4,78195.4,87046.2753,2026-05-01
1777680000000,78195.4,79172.9,78006.3,78656.0,27120.7736,2026-05-02
1777766400000,78655.9,79428.4,78011.7,78531.0,40733.5967,2026-05-03
1777852800000,78531.1,80746.5,78146.8,79821.4,139656.4088,2026-05-04
1777939200000,79821.3,81792.4,79756.8,80875.3,86177.7725,2026-05-05
1778025600000,80875.3,82800.0,80653.9,81395.7,94676.8975,2026-05-06
1778112000000,81395.7,81683.9,79421.0,79979.2,84284.4658,2026-05-07
1778198400000,79979.2,80520.0,79118.7,80152.4,68587.7629,2026-05-08
1778284800000,80152.5,81047.8,80089.7,80631.6,34400.9482,2026-05-09
1778371200000,80631.6,82464.1,80228.0,82182.8,55615.8512,2026-05-10
1778457600000,82182.9,82364.3,80404.5,81696.6,74245.0772,2026-05-11
1778544000000,81696.6,81751.1,79779.0,80460.2,77452.907,2026-05-12
1778630400000,80460.2,81320.1,78721.5,79288.2,87517.8953,2026-05-13
1778716800000,79288.2,82001.0,78863.0,81060.0,105612.2524,2026-05-14
1778803200000,81059.9,81630.5,78588.2,79082.4,98383.7304,2026-05-15
1778889600000,79082.4,79197.4,77600.0,78106.9,49474.0818,2026-05-16
1778976000000,78106.9,78571.4,76633.3,77415.0,52315.949,2026-05-17
1779062400000,77415.0,77772.6,76018.0,76962.2,102247.819,2026-05-18
1779148800000,76962.2,77379.9,76116.0,76800.0,63915.2202,2026-05-19
1779235200000,76799.9,77830.7,76469.0,77512.3,70698.5334,2026-05-20
1779321600000,77512.4,78161.5,76688.2,77583.0,80164.1084,2026-05-21
1779408000000,77583.1,77866.6,75300.0,75508.7,71792.2856,2026-05-22
1779494400000,75508.7,77378.8,74200.0,76709.2,93775.1989,2026-05-23
1779580800000,76709.2,77528.5,76050.2,77029.9,54668.3689,2026-05-24
1779667200000,77030.0,77876.5,76845.7,77283.3,51378.0624,2026-05-25
1779753600000,77283.4,78066.7,75626.0,75898.2,100349.4683,2026-05-26
1779840000000,75898.2,76157.1,74210.0,74414.1,82162.7732,2026-05-27
1779926400000,74414.0,74559.9,72554.0,73586.0,106747.0068,2026-05-28
1780012800000,73586.1,74299.0,72436.9,73431.4,91158.8137,2026-05-29
1780099200000,73431.4,74119.8,73155.1,73850.0,29198.1182,2026-05-30
1780185600000,73850.1,74244.7,73353.0,73649.1,34463.6105,2026-05-31
1780272000000,73649.2,74061.0,70668.0,71389.7,122714.3537,2026-06-01
1780358400000,71389.7,71391.8,66155.1,66722.6,204836.9177,2026-06-02
1780444800000,66722.7,67477.5,64056.0,64117.3,162492.3562,2026-06-03
1780531200000,64117.2,64737.3,61339.5,63847.8,259475.1917,2026-06-04
1780617600000,63847.7,63958.1,59078.4,61025.2,282402.2876,2026-06-05
1780704000000,61025.1,61493.0,59447.5,60849.2,98352.442,2026-06-06
1780790400000,60849.3,64407.5,60707.6,63308.0,144656.0567,2026-06-07
1780876800000,63308.0,64202.4,62376.1,63061.9,116235.8024,2026-06-08
1780963200000,63061.8,63493.5,60728.4,61698.2,125103.4923,2026-06-09
1781049600000,61698.2,62840.4,60638.3,61475.3,113959.8855,2026-06-10
1781136000000,61475.3,63900.0,61475.3,63596.9,100748.9846,2026-06-11
1781222400000,63597.0,64378.8,62814.4,63541.9,84032.7296,2026-06-12
1781308800000,63541.9,64745.0,63390.0,64417.1,42883.2173,2026-06-13
1781395200000,64417.2,65764.4,63644.8,65697.7,62946.4957,2026-06-14
1781481600000,65697.8,67283.9,65310.6,66292.8,102575.5133,2026-06-15
1781568000000,66292.7,66976.4,65324.3,65648.7,82355.2416,2026-06-16
1781654400000,65648.7,66426.6,63880.0,64471.4,118965.5931,2026-06-17
1781740800000,64471.3,64775.4,62222.2,62920.8,103360.6464,2026-06-18
1781827200000,62920.8,63645.7,62281.6,63510.5,63737.1527,2026-06-19
1781913600000,63510.4,64355.5,63150.0,64261.7,54898.911,2026-06-20
1782000000000,64261.6,64560.0,63228.0,63278.9,49913.9299,2026-06-21
1782086400000,63278.9,65616.4,63278.8,63994.0,102140.8904,2026-06-22
1782172800000,63993.9,64250.0,61883.8,62701.4,101412.4822,2026-06-23
1782259200000,62701.5,63221.0,59050.3,61050.0,184268.0389,2026-06-24
1782345600000,61050.1,61929.5,58031.5,59767.2,182208.5595,2026-06-25
1782432000000,59767.3,60759.9,58300.0,60072.1,165585.6038,2026-06-26
1782518400000,60072.1,60925.7,59821.4,59996.6,51626.261,2026-06-27
1782604800000,59996.7,60520.0,58852.5,59548.9,59758.5269,2026-06-28
1782691200000,59548.9,60770.0,58858.6,60231.4,129085.0866,2026-06-29
1782777600000,60231.3,60254.0,58158.1,58604.0,112695.3648,2026-06-30
1782864000000,58604.1,61342.8,57750.0,60003.2,149511.1821,2026-07-01
1782950400000,60003.1,62186.6,59560.0,61537.1,131449.2661,2026-07-02
1783036800000,61537.0,62933.6,61215.0,62552.9,71026.4881,2026-07-03
1783123200000,62553.0,63450.0,62300.0,63119.3,50025.519,2026-07-04
1783209600000,63119.3,63981.7,62410.3,63613.5,52342.9329,2026-07-05
1783296000000,63613.4,63895.0,62915.7,62997.6,19210.3017,2026-07-06
